時間戳記,表演名稱,演出者,演出日期,表演開始時間,"票價以及註解 （如：早鳥票 300, 現場票 400, 提供酒水等等）",表演場地名稱,表演場地地址（ 給 google map 做搜尋用）,購票或活動連結網址,宣傳圖片連結網址,表演描述，promote 文字，樂團介紹，等等...,演出音樂類型
2017/06/18 2:59:44 上午 GMT+8,雄中民吉百柒成發《吉興 演出》,高雄中學民謠吉他社,2017-07-23,13:30,FREE/13點入場,高雄中學民謠吉他社,高雄市三民區建國三路50號,https://www.facebook.com/events/310699296021695/?fref=ts,https://scontent-tpe1-1.xx.fbcdn.net/v/t1.0-9/19225685_1327037130707617_5590874869512115441_n.jpg?oh=f3f6df0d41f832b233e117014fed133a&oe=59D8FC51,"這是107級最後一次表演活動，接下來108級學弟們也會乘著學長們的腳步，為雄中民吉帶入新的熱情~
當然這是一場為這一兩年來練習的成果做發表!
希望7/23下午1330我們不見不散(1300開放入場)",
2017/06/18 7:49:05 下午 GMT+8,「Start From Mirage」2017 Summer Tour 高雄站, Break One's All  + VANITAS w/ 人性先覺 Between The Savage,2017-07-22,19:30,票價：預售300/現場350, Paramount Bar 《百樂門酒館》 ,高雄市高雄市三民區民族一路70號 · 高雄市,https://docs.google.com/forms/d/1FWsfLKj6BXRoyAD3i9WUZi_1QisY-D4ss0uCqZBHFtQ/viewform?edit_requested=true,https://scontent-tpe1-1.xx.fbcdn.net/v/t1.0-9/18486123_1692421234386996_7253708855240309436_n.jpg?oh=236dd0a2344fcd017462fa068893a843&oe=59CE7DBA,"BREAK ONE'S ALL x VANITAS
2017首次合作計劃公開！
　　
VANITAS於三月發行了首張專輯「海市蜃樓」後，Break One's All也即將於五月釋出首張EP「Start From Here」，我們將一起展開「Start From Mirage」夏季巡演，並集結臺灣多組樂團共同演出，更多細節與購票資訊即將公佈，stay tuned!
　
　　
詳細資訊：
　
「Start From Mirage」— BREAK ONE'S ALL x VANITAS 2017 Summer Tour

7/22(六)高雄 Paramount Bar 《百樂門酒館》： Break One's All 
+ VANITAS w/ 人性先覺 Between The Savage
票價：預售300/現場350
預售表單網址:https://docs.google.com/forms/d/1FWsfLKj6BXRoyAD3i9WUZi_1QisY-D4ss0uCqZBHFtQ/viewform?edit_requested=true",
2017/06/18 9:26:23 下午 GMT+8,“Before the Dawn - 黎明之前 ”－ Itaru Baba feat. Gosper Live Concert,Itaru Baba Profile/Message from Itaru Baba/特別來賓：Gosper，Maimai（藤井舞） & Masaki Baba（馬場克樹“爸爸桑”）,2017-07-28,19:00,預售票400元／現場票450元（憑票根於表演當日可免費兌換一杯飲料）,台北月見君想,台北市大安區潮州街102號,http://www.accupass.com/event/register/1705241705555337142060,https://scontent-tpe1-1.xx.fbcdn.net/v/t1.0-9/18882315_10203384607733699_4889515571353776928_n.jpg?oh=07603110f26fccc0bab6755286126246&oe=59D72999,"地點：台北月見君想
地址：台北市大安區潮州街102號
https://www.moonromantictw.com/about
日期：2017年7月28日（五）
時間：19點，開始入場／演出19：30～21:15
費用：預售票400元／現場票450元（憑票根於表演當日可免費兌換一杯飲料）

＊請試聽Itaru Baba的音樂：https://soundcloud.com/itaru-baba/taiwan-promote （「蝉」〜「午前零時」〜「Bed Town」〜「Last Train」〜「nnn」）

預購票網頁連結：
(1)Accupass: http://www.accupass.com/event/register/1705241705555337142060
(2)台北月見君想（受理預約之網頁）：
https://docs.google.com/forms/d/e/1FAIpQLSekao4wzvtCMhRZqvb-7-gypigkK0j2o6IThpOxhWciEY19Kw/viewform?c=0&w=1

＊持預售票者，優先入場。入場券數量有限, 售完為止, 若預售票全數售完, 則活動當日現場不銷售現場票，敬請見諒！

《試聽Itaru Baba的音樂》
https://soundcloud.com/itaru-baba/taiwan-promote

《Itaru Baba Profile》
情感豐富的曲風，時而纖細、時而渾厚是他出色的歌聲。幼兒時期至青春期成長於中國、澳洲，隨後跟著從事外交工作的父親再次回到日本定居，融合了西洋樂與東洋樂，交織出寬廣的音樂風格。
近期他在日本電影「Alice in Dreamland」的插曲「Dear Alice」包辦了作詞、演唱。
也在作曲家「鈴木麻里奈」的新專輯發表會，擔任特別來賓同台演出，等等參與諸多活動。
今年將在日本流行樂壇正式出道。

《Message from Itaru Baba》
台灣的朋友們，大家好！
我是創作型歌手，Itaru Baba－馬場 格。
首先，我想表達對台灣的感謝。
大學時期，我曾經到台灣大學當了一年的交換學生，在台灣得到了許多能量。當時，做為留學生的我，一面感知著台灣這片土地、台灣人的愛，創作出第一首歌曲。我有生以來的第一個作品，不是在日本，而是在台灣誕生的。
台灣賦予了我一股閃耀著炙熱的光輝、稱之為音樂的靈魂。
在那之後已過了數年，迫不及待地想回饋台灣的這一份恩情，因而舉辦這次的演唱會。
期待能夠與大家相見！

特別來賓：Gosper，Maimai（藤井舞） & Masaki Baba（馬場克樹“爸爸桑”）",
2017/06/18 9:36:54 下午 GMT+8,汪定中 2017 夏季巡迴演唱會 SN 2017D,汪定中,2017-07-15,20:00,800,台中 @Legacy Taichung 音樂展演空間,407台中市西屯區安和路117號,https://tixcraft.com/activity/detail/17_Dean,http://static.tixcraft.com/images/activity/17_Dean_2f4c68592d5224f383ff1cae371a4b1c.jpg,"哈囉大家好，我是汪定中。
 
2013年創立自己的YouTube頻道以來，我一直專注在發佈改編的作品，也很幸運的讓許多人接觸到我的音樂。
 
今年，2017，我在美國剛結束了大三生活。接下來我會在台灣交換學生一個學期。
為什麼這次要回來這麼久呢？是因為我即將要在台北專心做首張獨立製作專輯，ㄧ張真正能夠代表自己原創音樂的專輯。
 
2014年，我認識了獨立製作人李孝祖，前年有幸一起合作了『枝芽』演唱會。
現在我們將會再度合作暑假的「SN 2017D」巡迴演唱會。
 
這次我們特別邀請到來自美國東岸的爵士鍵盤手Andrew Page，擔任Band Leader的角色。還有來自台北的新秀DJ杜蟲，以及獨立樂團界超有魅力的節奏組：鼓手鳥人、貝斯手弘禮。
 
ㄧ定會是個非常獨特的演唱會，請大家拭目以待，也謝謝你們一直以來的支持與鼓勵。我們七月見！



2017/07/15(六)  20:00   台中 @Legacy Taichung 音樂展演空間 (407台中市西屯區安和路117號)
2017/07/29(六)  20:00   台北 @三創 Clapper Studio (台北市中正區市民大道三段2號五樓)

開賣時間：2017/6/9(五) 中午12:00",
2017/06/18 9:38:27 下午 GMT+8,汪定中 2017 夏季巡迴演唱會 SN 2017D,汪定中,2017-07-29,20:00,800,台北 @三創 Clapper Studio,台北市中正區市民大道三段2號五樓,https://tixcraft.com/activity/detail/17_Dean,http://static.tixcraft.com/images/activity/17_Dean_2f4c68592d5224f383ff1cae371a4b1c.jpg,"哈囉大家好，我是汪定中。
 
2013年創立自己的YouTube頻道以來，我一直專注在發佈改編的作品，也很幸運的讓許多人接觸到我的音樂。
 
今年，2017，我在美國剛結束了大三生活。接下來我會在台灣交換學生一個學期。
為什麼這次要回來這麼久呢？是因為我即將要在台北專心做首張獨立製作專輯，ㄧ張真正能夠代表自己原創音樂的專輯。
 
2014年，我認識了獨立製作人李孝祖，前年有幸一起合作了『枝芽』演唱會。
現在我們將會再度合作暑假的「SN 2017D」巡迴演唱會。
 
這次我們特別邀請到來自美國東岸的爵士鍵盤手Andrew Page，擔任Band Leader的角色。還有來自台北的新秀DJ杜蟲，以及獨立樂團界超有魅力的節奏組：鼓手鳥人、貝斯手弘禮。
 
ㄧ定會是個非常獨特的演唱會，請大家拭目以待，也謝謝你們一直以來的支持與鼓勵。我們七月見！



2017/07/15(六)  20:00   台中 @Legacy Taichung 音樂展演空間 (407台中市西屯區安和路117號)
2017/07/29(六)  20:00   台北 @三創 Clapper Studio (台北市中正區市民大道三段2號五樓)
",
2017/06/18 9:41:45 下午 GMT+8,演出｜激進主義｜同名專輯巡迴最終場,RCM激進主義,2017-07-23,19:00,預售單人350元,In Our Time電台食堂 ,高雄市鼓山區蓬萊路99號B10倉庫,https://www.facebook.com/events/113456879223127/?acontext=%7B%22ref%22%3A1%2C%22source%22%3A2%2C%22source_dashboard_filter%22%3A%22discovery%22%2C%22action_history%22%3A%22[%7B%5C%22surface%5C%22%3A%5C%22permalink%5C%22%2C%5C%22mechanism%5C%22%3A%5C%22surface%5C%22%2C%5C%22extra_data%5C%22%3A[]%7D%2C%7B%5C%22surface%5C%22%3A%5C%22dashboard%5C%22%2C%5C%22mechanism%5C%22%3A%5C%22surface%5C%22%2C%5C%22extra_data%5C%22%3A%7B%5C%22dashboard_filter%5C%22%3A%5C%22discovery%5C%22%7D%7D%2C%7B%5C%22surface%5C%22%3A%5C%22discover_filter_list%5C%22%2C%5C%22mechanism%5C%22%3A%5C%22surface%5C%22%2C%5C%22extra_data%5C%22%3A%7B%5C%22dashboard_filter%5C%22%3A%5C%22discovery%5C%22%7D%7D]%22%2C%22has_source%22%3Atrue%7D,https://scontent-tpe1-1.xx.fbcdn.net/v/t1.0-9/18198241_1380127158715569_9054916262005881340_n.jpg?oh=4763dddc20df25a5beac4c4e3e26ffd6&oe=59D27D68,"以不再年輕的歲月，繼續完成共同的夢想！
需要『RCM激進主義』

RCM激進主義在2008年間組成， 整合曲風跟樂手的調動，曲風演變為較情緒化的EMO為主軸，融入Punk、Britpop元素。

RCM初期作品大多是比較激進的、反社會的創作，但現在RCM 激進主義希望能以這股激進式的力量，帶來更多正面的能量，繼續完成共同的夢想。

團員編制：
◎吉他手：阿西、小少 ◎貝斯手：Youlo ◎鼓手：宏文 ◎鍵盤:原禎 ◎主唱:立安

『RCM激進主義』在經歷團員的變動，曾一度面臨解散的命運，也有過爭吵、挫折失望，但憑著團員們之間互相打氣、堅持信念、不服輸的精神，為了寫下撼動人心的記錄，最後決定奮力一博，突破內心的關卡及現實生活的困境，終於讓『RCM激進主義』首張同名專輯正式產生。

首波主打歌曲「明白」是在寫一段逝去的愛情。在各自忙碌生活，相隔兩地的我們該不該堅持下去，內心不斷的拉扯。

單曲製作還特地找南部知名樂團「山的孩子」主唱「曾繼舜」老師加持，在歌曲中加上一段原住民語。舜子老師嘹亮的嗓音，在這首歌裡聽似突兀，卻有不一樣的聽覺享受，為什麼要設計這樣的橋段？『RCM激進主義』團員們解釋，RCM樂團能撐到現在，是受到「山的孩子」及「山寨音樂餐廳」許多照顧與提拔，所以特別邀請舜子老師共襄盛舉，以表示『RCM激進主義』對「山的孩子」及「山寨音樂餐廳」無限的感激及至高的尊敬。

走遍音樂祭的『RCM激進主義』，演出經驗豐富，精彩的表演，為音樂祭的觀眾帶來極致聽覺饗宴。而樂手們更是來頭不小，曾參加音樂比賽獲得「最佳主唱」、「最佳Bass手」，樂團也曾獲得「網路人氣第一名」、「海海人生搖滾音樂比賽第三名」等殊榮，都可以看得出『RCM激進主義』在音樂路上激進的拼博精神！

現在就讓我們打開耳朵，拾起那個曾經懷抱夢想、熱情的心，一起進入『RCM激進主義』的世界！


高雄場｜In Our Time電台食堂 
高雄駁二藝術特區B10倉庫 
2017/07/23(日) 開放入場 18:00／演出開始 19:00
票價：預售單人350元
＊全區自由入座 
＊預售一經完售即不開放現場票 
開放售票：2017/05/09(三) 12:00pm開賣；預售至演出前一日23:59止 
網路購票：http://www.indievox.com/inourtime 
實體購票：7-11ibon(iNDIEVOX獨立音樂網)",
2017/06/18 11:42:58 下午 GMT+8,愛在刻骨銘心時 - Rhye 台北演唱會,Rhye,2017-07-26,20:00,預售1500元｜現場1700元,Legacy Taipei,台北市八德路一段1號華山中五館,http://tickets.books.com.tw/progshow/03010101514479,https://scontent-tpe1-1.xx.fbcdn.net/v/t31.0-0/p526x395/18209204_1507536285954962_6826403789005528181_o.jpg?oh=d04db9949fe64df1d3ed8fb859482a9e&oe=59CF04AE,""" Make love to me, One more time. ""

唱遍愛情的各種面貌 
Rhye 首度台北專場

成立於美國洛杉磯的雙人組合 Rhye，成員包括加拿大創作才子 Michael Milosh，以及丹麥音樂人 Robin Hannibal。
Michael Milosh 自三歲開始便接受大提琴訓練，曾參與爵士搖滾樂隊，爾後投入電子音樂創作；04年以 Milosh 之名陸續發表《You Make Me Feel》、《Meme》《iii》與《Jetlag》四張專輯。Robin Hannibal 則來自哥本哈根雙人組 Quadron，09年組成至今共發行《Quadron》《Avalanche》兩張作品，其中〈Better Off〉一曲更邀來饒舌新天王 Kendrick Lamar 獻聲合作。

同屬 Plug Research Records 的 Mike 和 Robin 因為廠牌的引薦，兩位才子開始一起創作音樂，神秘的 Rhye 就此成型。他們透過網路以不露面的方式首先曝光〈Open〉，MV 剪輯戀人們在床第之間的律動纏綿，極為挑逗的限制級畫面，還被調侃為 Victoria's Secret 的廣告片；隨後發表的〈The Fall〉更在樂評與樂迷之間引起爆炸般討論，以鋼琴為基底的優柔曲調配上 Mike 充滿磁性的魔性歌聲，Youtube 點閱率至今已超過千萬。這個優柔唱出愛情各種面貌的組合，讓全世界都在猜 Rhye 到底是誰，是男生？還是女生？直至2013年他們終於正式曝光真面目，發行首張專輯《Women》，隨即獲得加拿大 Polaris Music Prize 提名入圍，並陸續受邀至 Coachella、Primavera Fauna、Pitchfork 等各大音樂祭演出。

始終披著一層神秘面紗的 Rhye，今年受邀於電音才子 Bonobo 新作《Migration》跨刀獻唱〈Break Apart〉，兩人更在四月的 Coachella 合體演出；今年暑假 Rhye 除了造訪 Fuji Rock，也將以結合弦樂的全樂團編制來台專場開唱！門票將於5月5日中午12點正式開賣，購票請洽博客來售票網。",
2017/06/26 10:15:27 上午 GMT+8,聊聊樂團Parlarti / 張雅淳 @女巫店,聊聊樂團Parlarti / 張雅淳,2017-07-27,21:30,350元附一杯飲料,女巫店,台北市新生南路三段56巷7號,http://www.witchhouse.org/#event,https://daks2k3a4ib2z.cloudfront.net/57670be6bd63608e7eb4ae94/594b5ee5f12b4f713d4974e9_20170727_%E8%81%8A%E8%81%8A%E6%A8%82%E5%9C%98x%E5%BC%B5%E9%9B%85%E6%B7%B3.jpg,"聊聊樂團Parlarti │主唱/木吉他

主唱斑比+吉他手阿元，是在PTT認識的兩個鄉民。一首首以感情為主軸的詞曲，帶著少女般的藍色憂鬱，加入多變的編曲風格，想以快樂、憂傷、幸福、期待等情緒，來感染你的心。

張雅淳 │主唱+月琴

張雅淳以民謠創作傳承島嶼記憶，在樸實的台灣島歌中，通向人類共通的情感記憶。除了月琴彈唱，也繼續嘗試與不同樂手合作。",民謠
2017/07/06 1:59:15 上午 GMT+8,2017 Fireball Fest．火球祭,FireBall Fest. 火球祭,2017-08-26,00:00,洽網站 FireBall Fest. 火球祭 2017,高雄展覽館,高雄市前鎮區成功二路39號,https://republic.kktix.cc/events/fireballfest-4d7c1e,https://scontent-tpe1-1.xx.fbcdn.net/v/t31.0-8/19620877_1805747063088084_3454415145391113507_o.jpg?oh=40bfd520541749f402feb1108fd27d3c&oe=59D22E3F,"火球警報！ 熱天 港都 情人 搖滾樂！

今年夏日最盛大國際級搖滾音樂祭，

FireBall 火球祭 8/26, 27 正式登陸高雄！


高雄出身，台灣人民樂團滅火器領軍，

日本傳奇樂團 MONGOL800、BRAHMAN 等國際級樂團參戰確定，

血肉果汁機、白目樂隊、隨性、擊沈女孩、瑪莉咬凱利及猛虎巧克力等，

 
超過30組國內外樂團熱力共演。

夏日、港都、情人、街頭潮流、搖滾樂，

火球連發，燃燒整個夏日的青春！

 
正港台灣製造，全新品牌國際級音樂祭，

夏天結束以前，絕對不能錯過的搖滾派對！",搖滾
2017/07/10 10:43:56 上午 GMT+8,異角【樂團之夜】 － 胡凱兒 、 Nowhere此時刻,胡凱兒 、 nowhere此時刻,2017-07-29,18:00,300,台中 ANGLE 異角玩樂,台中市台中市西區忠誠街131號,https://www.facebook.com/events/1949832578581763/?acontext=%7B%22source%22%3A5%2C%22page_id_source%22%3A433904250055602%2C%22action_history%22%3A[%7B%22surface%22%3A%22page%22%2C%22mechanism%22%3A%22main_list%22%2C%22extra_data%22%3A%22%7B%5C%22page_id%5C%22%3A433904250055602%2C%5C%22tour_id%5C%22%3Anull%7D%22%7D]%2C%22has_source%22%3Atrue%7D,https://drive.google.com/file/d/0BxinkkXWtZ7bRzlQVmRqV3RyTFE/view?usp=sharing,"大家注意~~
萬眾期待的表演又來囉~
這次請到兩個清新的樂團~~
分別是 Who Cares 胡凱兒 以及 Nowhere樂團
都是非常令人陶醉的樂團呢.......>////<
限量搶購40張 要買要快唷!!!幾乎是零距離接觸呢>//////<",搖滾
2017/07/11 9:57:45 下午 GMT+8,騷聲之犢不畏虎 vol.2,先知瑪莉 Mary See the Future 一種心情 Sense Of Feeling 荷爾蒙少年,2017-07-26,19:00,預售500 / 現場 600/～滾音學員免費入場～, The Wall Live House,台北市台北市羅斯福路四段200號B1,https://www.facebook.com/events/1908130936066906/?fref=ts,https://scontent-tpe1-1.xx.fbcdn.net/v/t1.0-9/18950922_1870762939855284_1406691498872215524_n.jpg?oh=012630d6491c00d918a98dfe6b2879c2&oe=5A0EF512,"騷聲之犢不畏虎 vol.2

第二屆的騷聲之犢不畏虎來了
去年有隨性領軍，今年有先知瑪莉帶頭！

騷聲之犢不畏虎 - 
顧名思義
從騷聲一起玩到大的年輕樂團們
與在騷聲教課的老師們同台演出
無論會不會被老師們電爆都沒差
只要你想玩團 就不要怕
-------------------------------
<<預售票 6/20 ibon, Indievox 準時開賣>>
時間： 2017/7/26（三）
票價：預售500 / 現場 600
地點：The Wall
～滾音學員免費入場～
-------------------------------
演出陣容：
先知瑪莉 Mary See the Future
一種心情 Sense Of Feeling
荷爾蒙少年",搖滾
2017/07/11 10:02:05 下午 GMT+8,"Body On The Party屍體派對""Let's Go Party“全台巡演台中場",Body On The Party屍體派對,2017-08-13,19:00,"預售500 
雙人優惠套票400，兩張成套販售（僅限網站預售及Ibon預售購買）
現場票700
身障票：250（僅限indivox傳真訂購）",台中Legacy,台中市台中市西屯區安和路117號,https://www.facebook.com/events/1911072155814558/?acontext=%7B%22source%22%3A5%2C%22page_id_source%22%3A750486138373320%2C%22action_history%22%3A[%7B%22surface%22%3A%22page%22%2C%22mechanism%22%3A%22main_list%22%2C%22extra_data%22%3A%22%7B%5C%22page_id%5C%22%3A750486138373320%2C%5C%22tour_id%5C%22%3Anull%7D%22%7D]%2C%22has_source%22%3Atrue%7D,https://scontent-tpe1-1.xx.fbcdn.net/v/t1.0-9/19958943_1352605971494664_4946694955766364361_n.jpg?oh=5f7621504212d94e2d2963a083751eb9&oe=5A050434,"Body On The Party屍體派對2016年橫掃全台各大Live House之後，於2017年發行首張同名EP
將於2017.8.13（日）在台中Legacy舉辦發片巡演台中場
我們邀請到了台中元老級金屬頭 Alien Avenge （異族亡魂），以及最近都給他們紅就好了的OBSESS
三團集結準備炸翻你們的聽覺，你們準備好了嗎？
Let's Go party！


活動日期：2017/08/13
時間：1900 
演出藝人：Alien Avenge 、OBSESS

票價：
預售500 
雙人優惠套票400，兩張成套販售（僅限網站預售及Ibon預售購買）
現場票700
身障票：250（僅限indivox傳真訂購）",重金屬
2017/07/11 10:08:02 下午 GMT+8,Body on the party 屍體派對 Ep發片巡迴 台北場,【 Body on the party 屍體派對  W/ EnlightEN-TW、 Greedy Black Hole,2017-08-05,19:30,預售價300 現場350, 杰克音樂展演空間,台北市萬華區昆明街76號B1,https://www.facebook.com/events/295569850906522/?acontext=%7B%22source%22%3A5%2C%22page_id_source%22%3A1540154152892119%2C%22action_history%22%3A[%7B%22surface%22%3A%22page%22%2C%22mechanism%22%3A%22main_list%22%2C%22extra_data%22%3A%22%7B%5C%22page_id%5C%22%3A1540154152892119%2C%5C%22tour_id%5C%22%3Anull%7D%22%7D]%2C%22has_source%22%3Atrue%7D,https://scontent-tpe1-1.xx.fbcdn.net/v/t1.0-9/19601481_1964845763756287_4048474186884129578_n.jpg?oh=71c7de034712a17ab42dc6ed3746172d&oe=5A03B6D3,"【 Body on the party 屍體派對 Ep發片巡迴 台北場】
W/ EnlightEN-TW、 Greedy Black Hole


進步的社會，爆炸的資訊。
人們都太過忙碌，也太過冷漠
在被科技控制的時代下，不知不覺我們都成了行屍走肉
於是一群活死人聚集起來開場派對，試圖透過音樂製造一些生命力。
試圖透過音樂，讓每個人都再次活起來。


你們準備好了嗎？
Take your fucking body in the fucking party


------------------
演出樂團：
Body on the party 屍體派對
EnlightEN-TW
Greedy Black Hole



日期：2017.8.5(五)
時間：19:30入場
票價：預售價300 現場350
地點： 杰克音樂展演空間(台北市萬華區昆明街76號B1)
※※預售票請洽 杰克音樂或各演出團體※※",重金屬
2017/07/11 10:14:30 下午 GMT+8,"Body On The Party屍體派對""Let's Go Party“全台巡迴高雄場",Menliven、彼岸曙光、Body On The Party屍體派對,2017-09-02,19:30,預售400 現場500 ,Live Warehouse,高雄市鹽埕區大義街2之5號 (駁二藝術特區大義C10倉庫),https://www.facebook.com/events/1620448727975000/?acontext=%7B%22source%22%3A5%2C%22page_id_source%22%3A750486138373320%2C%22action_history%22%3A[%7B%22surface%22%3A%22page%22%2C%22mechanism%22%3A%22main_list%22%2C%22extra_data%22%3A%22%7B%5C%22page_id%5C%22%3A750486138373320%2C%5C%22tour_id%5C%22%3Anull%7D%22%7D]%2C%22has_source%22%3Atrue%7D,https://scontent-tpe1-1.xx.fbcdn.net/v/t1.0-9/19989285_1352596784828916_5956143946301076800_n.jpg?oh=8d3b32640cba571a808b311beec0577c&oe=59C32DF8,"Body On The Party屍體派對2016年橫掃全台各大Live House之後，於2017年發行首張同名EP
將於2017.9.2（六）在Live Warehouse舉辦發片巡演高雄場
我們邀請到了好久沒演出並且全新進化的彼岸曙光，以及台中的電扣新秀Menliven
邁入9月，快開學了，你們更抓住暑假的尾聲好好的到場用盡全力得MoshPit個幾回合！

活動日期：2017/09/2 1900入場 1930開始
票價：預售400 現場500 
售票日期：2017/08/01
演出藝人：Menliven、彼岸曙光",搖滾;重金屬
2017/07/11 10:18:48 下午 GMT+8,https://www.facebook.com/events/109368083017016/?acontext=%7B%22action_history%22%3A%22null%22%7D,失眠星球頻道 脆弱少女組 The Tic Tac,2017-07-30,19:30,預售 400 元 / 現場 500 元,THE WALL 公館,台北市羅斯福路四段 200 號 B1,https://www.facebook.com/events/109368083017016/?acontext=%7B%22action_history%22%3A%22null%22%7D,https://scontent-tpe1-1.xx.fbcdn.net/v/t1.0-9/19366227_10155677868989305_2469683025051221464_n.jpg?oh=600d6954a95a9b164cb0a213a94f1056&oe=5A0E541D,"[盛夏呢喃]

應該沉浸的春天，應該狂歡的夏日

應該惆悵的秋分，還有應該寂靜的冬季

算計著陰晴圓缺晃眼就過的日子

你有多久沒有和自己聊聊了?

2017年夏，試著打開通往自己內心的傳話筒

隨著三組及劇演出氛圍的樂團，和自己說說話吧

---
[參演樂團]

//失眠星球頻道//
成立於2015年中，四人編制，目前發有一張ep，儘管大多仍然使用傳統的樂器配置，仍然追求著實驗性的新聲音，並且以陰暗躁鬱的灰色，作為其創作的基調，做出複雜而不失音樂性的編曲，追求聽覺上更前衛的刺激。2017年也將繼續活躍的在各地表演，並且計劃在下半年推出首張專輯。


//脆弱少女組//
組成於 2015 冬天一個慌張的夜晚。
沒有一件事是確定的，沒有一件事是令人安心的，沒有一個人是可以依靠的夜晚。

成員有傷痛的少女趙謬，以及孤獨的少女陳荒。
決定一起用一種新的方式，面對自己內心的無助。

趙謬空靈、舞動的電子聲響，以及陳荒中性傲嬌的孤僻人聲。
收起年輕的驕縱，重新成為少女。（戰鬥手勢）


//The Tic Tac//
樂風遊走在民謠和獨立搖滾之間，現場表演以劇場敘事感為主要訴求，每一首歌曲都是他們對於社會觀察而產生的魔幻小故事，故事不真實卻又寫實地描繪現代社會人與人的關係。

音樂上，The Tic Tac追求一種自由的關係，不拘泥於曲風或是樂器，沒有使用傳統的爵士鼓，反而偏向打擊樂的演奏方式，也帶給Tic Tac一種自然壯闊的氛圍，尋找極致微小的寧靜，也追求狂躁巨大的噪音，敘事畫面感強烈，將帶給聽眾相當不同的感受。

---
[活動資訊]

日期：2017年 7 月 30 日 (三、四)
時間：19:30 開演
地點：THE WALL 公館｜台北市羅斯福路四段 200 號 B1
票價： 預售 400 元 / 現場 500 元
購票：https://thewall.tw/shows/summer-whispering
聯絡資訊：info@thewall.com.tw",流行;民謠;另類
2017/07/11 10:21:50 下午 GMT+8,7/16 雨國單曲首發場《我們》,OLDE WORLDE、Turu 鶴堀貴之、雨國 Kingdom of Rain,2017-07-16,14:00,"預售 $ 300 , 預售（含Ep、海報）$ 350 , 現場 $ 450",THE WALL,台北市台北市羅斯福路四段200號B1,https://www.facebook.com/events/322373738192554/?__xt__=33.%7B%22logging_data%22%3A%7B%22profile_id%22%3A322373738192554%2C%22event_type%22%3A%22clicked_view_profile%22%2C%22impression_info%22%3A%22eyJmIjp7Iml0ZW1fY291bnQiOiIwIn19%22%2C%22surface%22%3A%22www_events_permalink%22%2C%22interacted_story_type%22%3A%221628857644061911%22%2C%22session_id%22%3A%226f6b2f43a3f1b2469731785b489a6bd3%22%7D%7D,https://scontent-tpe1-1.xx.fbcdn.net/v/t1.0-9/19225109_10155654128979305_2468657535542742030_n.jpg?oh=d69c99dc014356cef4e6f5a63e800897&oe=5A11791B,"OLDE WORLDE
本名沼田壮平，出生於東京町田，一位各種樂器都會的全能音樂人，於2009年開始以""Olde World""一名開始活動。他獨特的聲線使他在東京受到很大的關注，同時參與過多個日本大型音樂節（Summer Sonic, Fuji Rock）等。
2013年，錄製了第三張專輯，它由Brad Wood（The Smashing Pumpkins，Pete Yorn，Ben Lee，Sunny Day Real Estate，Tortoise，Liz Phair）製作人，並由Brad在Los Angeles錄製/混音。

專輯的主打歌“Thinking about you""
https://www.youtube.com/watch?v=1WgycRuGlD0


Turu 鶴堀貴之
東京出生，大學時在英國伯恩茅斯開始了他的音樂職業生涯，同時在大學學習動畫。回到東京後，開始一系列的演出活動。
由於主修動畫，Turu擅於將他的歌曲與他畫的動畫融合在一起，同時也參與日本兒童節目配樂製作，是一位多方位的實力派音樂人。

2016年，他開始嘗試各種類型的音樂，並組成“MONGREL”樂團，試圖讓自己觸腳更為多元。

https://www.youtube.com/watch?v=SLvTD6fbUYc&feature=youtu.be


雨國 Kingdom of Rain

來自台北
曲風結合 Downtempo / Trip-hop / Electronic /Dream-pop

我們畏懼著沉默
在蕭瑟的雨夜裡沉睡

清醒時告訴自己
在最後一次微笑後各自孤寂

依然留下的
是冷冽的電子聲響
伴隨著失溫的節奏在空氣中搖晃



雨國單曲首發場《我們》

⌺ 日期 Date : 2017 .07 .16 (日) 
⌺ 地點 Venue : THE WALL
⌺ 時間 Time: 14:00
⌺ 票價 Price: 預售 $ 300 , 預售（含Ep、海報）$ 350 , 現場 $ 450",流行;民謠
2017/07/11 10:57:44 下午 GMT+8,【 #tbt Chapter. 1 】向量單車 x 勝利一族,勝利一族、向量單車,2017-07-20,20:00,預售400元｜現場500元,THE WALL 公館,台北市羅斯福路四段200號B1,https://goo.gl/mgbpeo,https://scontent-tpe1-1.xx.fbcdn.net/v/t1.0-9/19961556_1918535475055940_1743320868788268359_n.jpg?oh=b7fc0467744682c09999348ca2589434&oe=5A10DD00,"記憶，可說是人類身為萬物之靈最珍貴的能力。

不論是每天的例行公事、新聞重大事件，亦或是書上隨意一瞥看到的字句，或多或少、或大或小，其實都已深植在腦海中。
只是隨著時光流逝、年歲增長，有些記憶不常取出複習，便會漸漸的往下沉沒被更多新的記憶覆蓋，讓你以為你忘了。

＃tbt【 Throwback Thursday 再次回來吧 美好的時光 】
此系列名稱取自在 twitter、instagram 上被廣泛使用的 hashtag #tbt （throwback thursday 週四回顧日，上傳一張以前的照片，回顧當時的事）作為主題靈感，召集各具情緒、故事性的樂團，每月擇一週四，透過聽覺的方式，喚醒那些腦海深處你 / 妳以為早已遺忘的美好回憶。


—— Chapter. 1 演出樂團 ——
【 向量單車 Vector the Bike 】率直爽朗的歌聲描繪生活場景
過了25，丟不掉青春，越往最原來的地方去。不再過於用力，更多的是直覺，是潛藏在所熱愛的直率音樂中的本質。
熟悉的臉孔們重新出發，踩上踏板，在爽朗音牆中只有自己原本的樣子，只會做自己的歌，繼續在這條路上滑行。

【 勝利一族 for winners 】一下直擊內心深處的直球風格
“勝利一族”起始於2015年中，成立於台北。 
擅長編曲簡單、歌詞白話的曲風，並有別於傳統龐克樂的政治正確，或台北流行的都會小資藝文搖滾— “勝利一族”認為寫歌這件事，就像與朋友交談，有趣味且生活化，直白而不強迫，生動而不浮誇； 團名為勝利，實則笑談這無止盡的失敗。


—— 活動資訊 ——
【 ＃tbt Chapter. 1 】向量單車X勝利一族
日期：2017年7月20日 (四)
時間：19:00 入場、20:00 開演
演出順序：勝利一族、向量單車
地點：THE WALL 公館｜台北市羅斯福路四段200號B1
票價：預售400元｜現場500元
購票網址：https://goo.gl/mgbpeo
聯絡資訊：thewall.tw/shows/tbt-chapter1-向量單車ｘ勝利一族
付款方式：線上刷卡/Paypal/超商付款 (7-11、全家、萊爾富)
取票方式：僅限活動當天 THE WALL 現場取票 (下午四點開始受理取票）
Payment: credit card / Paypal / by convenience store (7-11, FamilyMart, Hi-Life)
Pick-up: will call only, starts on the date of the eventz",搖滾;龐克
2017/07/11 11:04:33 下午 GMT+8,傷心欲絕「還是偶爾想要偉大」台北場,傷心欲絕,2017-08-19,20:00,預售500元｜現場650元,THE WALL 公館,台北市羅斯福路四段200號B1,https://thewall.tw/shows/wss2017,https://scontent-tpe1-1.xx.fbcdn.net/v/t1.0-9/19554575_1701144253259094_6438929550461907240_n.jpg?oh=5183db2a0bac355a42032b8856eec9c3&oe=59C73053,"台北民謠龐克樂團傷心欲絕，早期由主唱許正泰、貝斯手黃紹祖、吉他手劉暐（前生氣的年輕人）、吉他手官靖剛（前湯湯水水）等人構成核心陣容，2010年發行首張專輯《我愛您》、2011年發行EP《喔！我沒有靈魂》。那一段時間，他們和透明雜誌、湯湯水水、盪在空中等樂團，被戲稱台北獨立音樂圈「師大公園四大天王」，傷心欲絕更被冠上「絕望世代」代表，字字句句強行脫下弱勢者的羞愧，吉他破音加速血液循環，仿佛打從娘胎酒精中毒，無法在白天保持清醒。

一個世道的胡編羅織，可能殺死一個樂團。2013年傷心欲絕開始重整編制，加入另一位重要團員，鍵盤手葛亭筠（閃閃閃閃、向量單車），加重民謠搖滾的元素；這段期間僅發表作品集《DEMOS 2011-2013》，其中一首〈持續三年的暈眩〉，或許透露了一點端倪：「也許這樣不錯，我準備好閉上雙眼；也許我即將失去所有的記憶。」欲求不滿的苛求者、叛逆孩子，承接人生的反作用力，開始放下回憶。

2014年鼓手陳冠甫（Slack Tide）加入，確立近年最完整六人陣容。2016年春天於師大公館校區中正堂自力舉辦活動「樓下聯誼」，800人在大禮堂混亂合唱的場面，盜錄成一捲錄影帶，頻繁倒帶重播。傷心欲絕或許代表一個族群、一個場景、一個世代，但請不要忘記，一切的焦慮源於你／我的孤獨相互衝撞，希望從「在別人眼中，我是如何的存在」的無解習題中解脫。到頭來，《還是偶爾想要偉大》，在2017年。

--
傷心欲絕 「還是偶爾想要偉大」發片巡迴 台北場
日期：2017年8月19日 (六)
時間：19:00 入場、20:00 開演
地點：THE WALL 公館｜台北市羅斯福路四段200號B1
票價：預售500元｜現場650元
聯絡資訊：info@thewall.com.tw",搖滾;民謠
2017/07/11 11:21:08 下午 GMT+8,傷心欲絕「還是偶爾想要偉大」高雄場,傷心欲絕、飄流出口、最後大浪,2017-07-28,20:00,預售500元｜現場650元,Live Warehouse,高雄市鹽埕區大義街2之5號 (駁二藝術特區大義C10倉庫),https://www.facebook.com/events/2339117926314141/?acontext=%7B%22ref%22%3A%2244%22%2C%22unit_ref%22%3A%22related_events%22%2C%22source%22%3A%221%22%2C%22action_history%22%3A%22[%7B%5C%22surface%5C%22%3A%5C%22permalink%5C%22%2C%5C%22mechanism%5C%22%3A%5C%22RHC%5C%22%2C%5C%22extra_data%5C%22%3A[]%7D%2C%7B%5C%22surface%5C%22%3A%5C%22permalink%5C%22%2C%5C%22mechanism%5C%22%3A%5C%22other_events_in_tour_card%5C%22%2C%5C%22extra_data%5C%22%3A[]%7D]%22%7D,https://scontent-tpe1-1.xx.fbcdn.net/v/t1.0-9/19555012_1701143763259143_7062597113885263524_n.jpg?oh=a57344540e10d99dcdffe9c5e356123e&oe=5A0263C0,"台北民謠龐克樂團傷心欲絕，早期由主唱許正泰、貝斯手黃紹祖、吉他手劉暐（前生氣的年輕人）、吉他手官靖剛（前湯湯水水）等人構成核心陣容，2010年發行首張專輯《我愛您》、2011年發行EP《喔！我沒有靈魂》。那一段時間，他們和透明雜誌、湯湯水水、盪在空中等樂團，被戲稱台北獨立音樂圈「師大公園四大天王」，傷心欲絕更被冠上「絕望世代」代表，字字句句強行脫下弱勢者的羞愧，吉他破音加速血液循環，仿佛打從娘胎酒精中毒，無法在白天保持清醒。

一個世道的胡編羅織，可能殺死一個樂團。2013年傷心欲絕開始重整編制，加入另一位重要團員，鍵盤手葛亭筠（閃閃閃閃、向量單車），加重民謠搖滾的元素；這段期間僅發表作品集《DEMOS 2011-2013》，其中一首〈持續三年的暈眩〉，或許透露了一點端倪：「也許這樣不錯，我準備好閉上雙眼；也許我即將失去所有的記憶。」欲求不滿的苛求者、叛逆孩子，承接人生的反作用力，開始放下回憶。

2014年鼓手陳冠甫（Slack Tide）加入，確立近年最完整六人陣容。2016年春天於師大公館校區中正堂自力舉辦活動「樓下聯誼」，800人在大禮堂混亂合唱的場面，盜錄成一捲錄影帶，頻繁倒帶重播。傷心欲絕或許代表一個族群、一個場景、一個世代，但請不要忘記，一切的焦慮源於你／我的孤獨相互衝撞，希望從「在別人眼中，我是如何的存在」的無解習題中解脫。到頭來，《還是偶爾想要偉大》，在2017年。

--
傷心欲絕 「還是偶爾想要偉大」發片巡迴 高雄場
日期：2017年7月28日 (五)
時間：19:00 入場、20:00 開演
地點：Live Warehouse
票價：預售500元｜現場650元
共演：飄流出口、最後大浪",搖滾;民謠
2017/07/11 11:53:44 下午 GMT+8,傷心欲絕「還是偶爾想要偉大」台中場,傷心欲絕、洪申豪 VOOID,2017-08-05,20:00,預售500元｜現場650元,Legacy 台中,台中市台中市西屯區安和路117號,https://www.facebook.com/events/129936837592587/?acontext=%7B%22ref%22%3A%2244%22%2C%22unit_ref%22%3A%22related_events%22%2C%22source%22%3A%221%22%2C%22action_history%22%3A%22[%7B%5C%22surface%5C%22%3A%5C%22permalink%5C%22%2C%5C%22mechanism%5C%22%3A%5C%22RHC%5C%22%2C%5C%22extra_data%5C%22%3A[]%7D%2C%7B%5C%22surface%5C%22%3A%5C%22permalink%5C%22%2C%5C%22mechanism%5C%22%3A%5C%22other_events_in_tour_card%5C%22%2C%5C%22extra_data%5C%22%3A[]%7D%2C%7B%5C%22surface%5C%22%3A%5C%22permalink%5C%22%2C%5C%22mechanism%5C%22%3A%5C%22other_events_in_tour_card%5C%22%2C%5C%22extra_data%5C%22%3A[]%7D]%22%7D,https://scontent-tpe1-1.xx.fbcdn.net/v/t1.0-9/19642321_1701144013259118_7858248959406583045_n.jpg?oh=47c0831719a077608ecbd242871ef941&oe=5A0A40DA,"台北民謠龐克樂團傷心欲絕，早期由主唱許正泰、貝斯手黃紹祖、吉他手劉暐（前生氣的年輕人）、吉他手官靖剛（前湯湯水水）等人構成核心陣容，2010年發行首張專輯《我愛您》、2011年發行EP《喔！我沒有靈魂》。那一段時間，他們和透明雜誌、湯湯水水、盪在空中等樂團，被戲稱台北獨立音樂圈「師大公園四大天王」，傷心欲絕更被冠上「絕望世代」代表，字字句句強行脫下弱勢者的羞愧，吉他破音加速血液循環，仿佛打從娘胎酒精中毒，無法在白天保持清醒。

一個世道的胡編羅織，可能殺死一個樂團。2013年傷心欲絕開始重整編制，加入另一位重要團員，鍵盤手葛亭筠（閃閃閃閃、向量單車），加重民謠搖滾的元素；這段期間僅發表作品集《DEMOS 2011-2013》，其中一首〈持續三年的暈眩〉，或許透露了一點端倪：「也許這樣不錯，我準備好閉上雙眼；也許我即將失去所有的記憶。」欲求不滿的苛求者、叛逆孩子，承接人生的反作用力，開始放下回憶。

2014年鼓手陳冠甫（Slack Tide）加入，確立近年最完整六人陣容。2016年春天於師大公館校區中正堂自力舉辦活動「樓下聯誼」，800人在大禮堂混亂合唱的場面，盜錄成一捲錄影帶，頻繁倒帶重播。傷心欲絕或許代表一個族群、一個場景、一個世代，但請不要忘記，一切的焦慮源於你／我的孤獨相互衝撞，希望從「在別人眼中，我是如何的存在」的無解習題中解脫。到頭來，《還是偶爾想要偉大》，在2017年。

--
傷心欲絕 「還是偶爾想要偉大」發片巡迴 台中場
日期：2017年8月5日 (六)
時間：19:00 入場、20:00 開演
地點：Legacy 台中
票價：預售500元｜現場650元
共演：洪申豪 VOOID",搖滾;民謠
2017/07/11 11:56:28 下午 GMT+8,"DREAM THEATER 2017台北演唱會 IMAGES, WORDS & BEYOND",DREAM THEATER,2017-09-22,19:30,"NT$3,600 / NT$2,200 （全站席、無座位）",台大綜合體育館,台北市大安區羅斯福路4段1號,http://ticket.ibon.com.tw/Web/ActivityInfo/Details/27203,http://ticket.ibon.com.tw/Web/ActivityImage/ActivityImage_FBbQaNgWZefjAVvLdvrw7vtQsF7EYp.jpg,"演出日期 : 2017年9月22日(五) 19:30 (依當日實際情況為主，活動中將有15分鐘的中場休息時間)
演出地點 : 台大綜合體育館
活動票價：NT$3,600 / NT$2,200 （全站席、無座位）
主辦：MyMusicTaste
活動執行：馬斯頓娛樂有限公司
活動官方Facebook粉絲專頁：https://www.facebook.com/DT2017Taipei
 
MyMusicTaste很高興在台北舉辦DREAM THEATER的25週年演唱會""IMAGES, WORDS & BEYOND""。
DREAM THEATER是美國前衛金屬當之無愧的帝王之師，每個成員在所屬的領域裡也都是頂尖的樂手。
被提名為當代最前衛的金屬樂團，DREAM THEATER的演唱會成為全世界金屬樂壇粉絲的萬勿錯過的演唱會。
 
台北粉絲們對演唱會的貢獻是最關鍵的，每一位DREAM THEATRE粉絲在 www.mymusictaste.com 上的支持及一步步的行動造就了DREAM THEATER的台北演唱會。
如果您者參與過MyMusicTaste的DREAM THEATER x TAIPEI活動，您將會以電子郵件或手機簡訊(SMS)收到這場演唱會的PROMO CODE。憑PROMO CODE您可以得到的獨家預購本場演唱會票卷的權利！
 
*如果您還未成為MyMusicTaste的會員的話，請上 www.mymusictaste.com 立刻開始你的make，將你的願望變成現實！下次您最喜愛的歌手來到台北的時候，您就能拿到獨家的特別優惠。
 
*演唱會中拍攝的照片有可能會被上傳到MyMusicTaste的網站。
 
關於 MYMUSICTASTE
MyMusicTaste相信能夠結合全世界樂迷的力量，讓粉絲們申請他們最想看見的歌手到他們的城市。在聯繫世界各地粉絲的意見下，MyMusicTaste已經成功將EXO、SHINee、ASTRO、Block B等歌手帶到三十多個國家舉辦演唱會。現在www.mymusictaste.com支持三十多個國家，十三個語言。
 
 
MyMusicTaste is happy to present 2017 DREAM THEATER 25TH ANNIVERSARY CONCERT ""IMAGES, WORDS & BEYOND"" in TAIPEI.
 
DREAM THEATER is a legendary progressive metal band from the US. All members are noted as top tier musicians in their chosen field. Ranked as one of The Best Prog Rock Bands of all time, DREAM THEATER’s concert has become a bucket list for metal fans worldwide. Don't miss their 25th Anniversary tour live in TAIPEI!
 
Fans in TAIPEI were instrumental in bringing DREAM THEATER to TAIPEI. DREAM THEATER fans in TAIPEI created a viral movement on www.mymusictaste.com, an online service that brings together music fans to request their favorite artist’s concert.
 
If you have requested and participated in the DREAM THEATER x TAIPEI campaign on MyMusicTaste, you should have received a promo code on your MMT registered email and phone number. Enter your promo code to access the exclusive pre-sale!
*If you are not a MyMusicTaste member yet, join us and request your favorite artist's concert on www.mymusictaste.com - You too can have access to special perks when your dream concert becomes a reality!
 
*Some photos taken during the concert may be uploaded on MyMusicTaste website.
 
ABOUT MYMUSICTASTE
MyMusicTaste puts the power in the fans' hands, allowing fans to request their favorite artist's concert in their city. With the mission to connect and amplify the voices of fans all over the world, MyMusicTaste successfully promoted concerts of artists such as Andra Day, EXO, SHINee, Block B, and more in over 30 different cities. Currently www.mymusictaste.com supports more than 30 countries and offers 14 different languages.
 
 
MMT TasteMaker 85折預售活動：
時間：7月12日(三) 上午10:00起至7月14日(五) 下午11:59止
售票方式：ibon售票系統網站，購票時需輸入Promo Code，限購2張
參加預售活動資格：MyMusicTaste將會透過電子郵件或是行動電話簡訊(SMS)發送Promo Code給符合資格的TasteMaker
注意事項：
◆ 每個Promo Code只能使用一次，請勿轉交他人使用而造成自身權益受損
◆ 將保留部分前面的進場序號於正式公開售票時販售
 
正式公開售票：
7月15日(六) 上午10:00起，ibon售票系統機台及網站同步開賣
將保留部分前面的進場序號於正式公開售票時販售
每人每次限購4張
 
請注意！全場皆為搖滾區（無座位），依票面座位號排隊入場
◆ 2017/9/22 (五) PM 5:30 開始整隊，PM 6:30 開放進場(依當日實際情況為主)
◆ 各區整隊時是按票面上的座位號順序排隊
◆ 若在隊伍開始進場後才到場者，視同放棄自己的入場順序，需按現場工作人員指示，排在該區隊伍最後面入場
 
※身心障礙人士請透過ibon網站下載傳真表單：
【輪椅席身心障礙傳真】2017/7/18(二) 15:00開放預購。
請將預購表單連同「身心障礙手冊影本」傳真到02-8752-6677進行購票，將於收到傳真5個工作天內，告知購票者取票相關資訊 (若身心障礙席已售罄亦一併通知)。
 
 
 ",搖滾
2017/07/12 12:36:48 上午 GMT+8,ミツメ mitsume / deca joins - Airhead Records 5th Anniversary,"ミツメ mitsume, deca joins",2017-08-20,19:00, 早鳥雙人1500 一般預售900 現場1000,The Wall Live House,台北市文山區羅斯福路四段200號B1,https://www.facebook.com/events/1933549243557509/?acontext=%7B%22ref%22%3A%2244%22%2C%22unit_ref%22%3A%22related_events%22%2C%22action_history%22%3A%22[%7B%5C%22surface%5C%22%3A%5C%22permalink%5C%22%2C%5C%22mechanism%5C%22%3A%5C%22RHC%5C%22%2C%5C%22extra_data%5C%22%3A[]%7D%2C%7B%5C%22surface%5C%22%3A%5C%22permalink%5C%22%2C%5C%22mechanism%5C%22%3A%5C%22RHC%5C%22%2C%5C%22extra_data%5C%22%3A[]%7D%2C%7B%5C%22surface%5C%22%3A%5C%22permalink%5C%22%2C%5C%22mechanism%5C%22%3A%5C%22RHC%5C%22%2C%5C%22extra_data%5C%22%3A[]%7D]%22%7D,https://scontent-tpe1-1.xx.fbcdn.net/v/t1.0-9/19366317_1553642691321659_5022990889881206786_n.jpg?oh=013bddffe79cc89a9735eb36563bcc2d&oe=59CD9707,"日期 | Date : 2017 / 08 / 20 (sun) 
地點 | Venue：The Wall Live House
地址 | Address：台北市文山區羅斯福路四段200號B1
票價 | 早鳥雙人1500 一般預售900 現場1000
演出者 | ミツメ mitsume, deca joins

ミツメ mitsume

各自為生活奔波忙綠的工作之余，始終保留著靦腆青澀，不諳世事的少年氣。在他們嚴肅與不正經，緊張感與松弛感交叉呈現的音樂裡，我們似乎能感受到一種與其外表相近的氣質——干淨、隨性，漫不經心，卻令人不知不覺陷入迷戀。

像這夏季裡，騎著車在那片雨霧籠罩的城市中，穿越過大街追逐著黎明，噴著白煙的煙囪突然遮蔽了光線，一瞬間世界只剩下我們，後照鏡中，是你長髮如胭的容顏。

ミツメ - 煙突
https://goo.gl/Tqeed7

ミツメ - Disco
https://goo.gl/dBuVhq

ミツメ - あこがれ
https://goo.gl/bM3pZk


deca joins

有些事你總會為怕惹麻煩，選擇最不傷腦、最省時的方式，過一些時間可以就不去想、然後邪惡地選擇性忘記最初的意念。

從一個最混沌的狀態裡發芽，有過暴裂有過激熱，很快的就開始等待最後一秒的墜地了。他需要溫柔而抽離的酒精，唱漫天舞地的歌；乾枯的浴室他留不住，用僅剩的個人傾向跳入藍色的海，裸身浮沉到海口，靜而凝視的姿態、擰氣閉眼。

＿＿＿無法排遣、無法打發，無法灑脫地丟棄，只能坦坦面對，豁豁地與之相處。去去回回，堵了那扇門有另一散扇窗，用緩慢拖沈的喃喃說一種潮濕的快樂，悶著黏著困著，不留餘地得把痛苦也合而為一。

夢裡路恍惚悠長。

deca joins - 浴室
https://goo.gl/gA1Qd7

deca joins - 路
https://goo.gl/Ujp2cU

deca joins - 春天游泳 
https://goo.gl/Av6T7Z

實體票卷寄售開始，請洽： 
Waiting Room, 小白兔唱片, 2manyminds Records, COW Records",流行
2017/07/12 1:16:32 上午 GMT+8,7/28(五) 飆夏,神經博士Dr. Geek＋自然出格Topology Surpassing＋馬賽克先生Mr. Mosaic,2017-07-28,19:00,預售350(1 drink) 現場400(1 drink), 迴響音樂藝文展演空間,台中市西屯區河南路二段429號B1-1,https://www.indievox.com/soundlivehouse/event-post/19797,https://scontent-tpe1-1.xx.fbcdn.net/v/t1.0-9/19657315_10155720513916494_3034874792748992887_n.jpg?oh=e5d27743572b61a961548c66079b1cc1&oe=59CF3058,"7/28(五) 飆夏
神經博士Dr. Geek＋自然出格Topology Surpassing＋馬賽克先生Mr. Mosaic

我們飆的不是速度，是和現實奮鬥的汗與隨音牆炸裂的情緒。

-
演出陣容：

神經博士 Dr. Geek
2015年春成立於台北的後搖樂團，典型的雙吉他編制演奏的是不典型的後搖滾樂。獨特的旋律線與和弦編排、層層音牆下的反覆詠嘆，帶領聽眾想像出一首首獨特的歌曲故事。
https://facebook.com/drgeek4/

自然出格 Topology Surpassing​
我們提供了一個概念，即是用音樂表達出我們生活周遭的小細節與大學問。這些小細節有時候看起來是那麼的自然，但是背後卻各有因果。這些小細節除了自然以外，還包含人文、社會的現象，其背後的因果關係複雜不易理解，但整件事情卻是自然合理的發生。自然出格的核心概念即是從複雜不易理解的角度著手刻畫著自然合理的現象。
Topology Surpassing是達成此核心價值的手段。Topology是所謂的拓樸學，意外的在分子生物學中獲得廣泛的應用，例如拓樸學是研究DNA的超螺旋結構的一項重要工具。而Surpassing譯為超越，為符切中自然出格的核心價值不僅包含生物自然，還包含人文社會等。執行的方法保有Topology的精神，進而冠以Surpassing的意義使之更為切合自然出格的方法。其方法即是以推敲許久的音符與節奏勾勒出以自然出格的視角所觀之的世界。
準此，自然出格與Topology Surpassing在意義上雖有不同，但兩個名字都直指本樂團的風格與作為。
https://facebook.com/toposurpass/

馬賽克先生 Mr. Mosaic
馬賽克先生，2016 於台北成立的日系後搖團。每幅繽紛斑斕的馬賽克，都是由許多細小碎片組成。我們將過往的自己，用音樂拼貼成一幅幅作品，只期待它們也成為每個人記憶中的小小碎片。
https://facebook.com/mosaicool/

進場19:00 開演19:30
預售350(1 drink) 現場400(1 drink)

售票資訊：https://www.indievox.com/soundlivehouse/event-post/19797
或洽7-11 ibon購票
--------------------
-----------------------------------------------------

”飆夏“ 相關活動資訊以及報名請洽 企劃專員 彭子佳​

演出接洽/專場活動/場地租借/合作提案
歡迎與我們聯繫！！
因活動檔期有限，
請儘早與我們聯繫接洽～
聯絡方式：
🎸saikororu@gmail.com
🎸bookingstage@gmail.com
🎸aiden8448@gmail.com
🎸catgilar@gmail.com

或洽台中迴響粉絲專頁私訊

迴響音樂藝文展演空間：
https://www.facebook.com/SoundLiveHouse/

迴響instagram：soundlivehouse
https://www.instagram.com/soundlivehouse/",流行
2017/07/12 1:18:42 上午 GMT+8,7/14(五) 初夜台中 First Time Rock in Taichung,StingRadio 史汀電台+Minor DASH 負能量樂團 +Bacon Slap 培根巴掌！,2017-07-15,19:00,"預售350(1 drink) 現場400(1 drink)
",迴響音樂藝文展演空間,台中市西屯區河南路二段429號B1-1,https://www.facebook.com/events/847519272086986/?acontext=%7B%22ref%22%3A%2244%22%2C%22unit_ref%22%3A%22related_events%22%2C%22action_history%22%3A%22[%7B%5C%22surface%5C%22%3A%5C%22permalink%5C%22%2C%5C%22mechanism%5C%22%3A%5C%22RHC%5C%22%2C%5C%22extra_data%5C%22%3A[]%7D%2C%7B%5C%22surface%5C%22%3A%5C%22permalink%5C%22%2C%5C%22mechanism%5C%22%3A%5C%22RHC%5C%22%2C%5C%22extra_data%5C%22%3A[]%7D%2C%7B%5C%22surface%5C%22%3A%5C%22permalink%5C%22%2C%5C%22mechanism%5C%22%3A%5C%22RHC%5C%22%2C%5C%22extra_data%5C%22%3A[]%7D]%22%7D,https://scontent-tpe1-1.xx.fbcdn.net/v/t1.0-9/19400050_10155676653491494_330249118606197359_n.jpg?oh=4b9e4cee4fbef673531b9f2112affd92&oe=59CC3F2B,"7/14(五) 初夜台中 
StingRadio 史汀電台+Minor DASH 負能量樂團
+Bacon Slap 培根巴掌！

first time rock in Taichung.
多年來，
有著一個都市傳說，台中是文化沙漠，票房噩夢。
或許是？也或許不是？
你沒來過台中怎麼知道這個都市傳說是不是真的，
這可能會是你第一次來台中，但絕對不會是最後一次～
一起參與我們的都市傳說！

-
演出陣容：

StingRadio 史汀電台
StingRadio曲風融合Rock, pop and a little bit Funk。當你一開始聽他們的音樂，就能夠快速投入到StingRadio獨特溫馴且自信的StingRadio Style。這是一個充滿勇氣的樂團，他不像烈陽那樣奔放青春，也不似暗夜陰暗危險，StingRadio更像是一抹溫馴的夕陽，他告訴你所謂的勇氣，不只是逞凶鬥狠或不斷挑戰，而是懷抱著力量扎實的過好每一天。
https://facebook.com/stingradio/


Minor DASH 負能量樂團
Dash 為四位團員英⽂名字單字的第⼀個字的組合,又因樂團歌曲小調式為多數,所以取名為Minor Dash 樂團 。
⽽中⽂團名則苦思許久,2017年才使⽤了負能量樂團。除了字面上的翻譯：minor（負面的）dash（衝擊）之外，也很能代表在
音樂演出和曲風上的反差與炸裂。

主要創作靈感為生活上大大小小的瑣事，反映著時人厭世與忠於自我的叛逆，藉由音樂與文字的創作，傳達著我們的想法：
生活中無時無刻都充滿著負能量，與其厭世反骨，不如將它轉化為突破現實困境的力量吧。
https://facebook.com/MinorDASH.band/


Bacon Slap 培根巴掌！
俗！我們俗又有力！我們是培根巴掌！ 2015年初幾個好朋友組成的樂團，有來自水電工的阿緯、報社編輯的博名、還有最穩重的邱仔，用油膩的貝斯與肥厚的鼓，香味撲鼻的吉他打在你的臉
https://facebook.com/BaconSlap/

進場19:00 開演19:30
預售350(1 drink) 現場400(1 drink)

售票資訊：https://www.indievox.com/soundlivehouse/event-post/19627
或洽7-11 ibon購票
--------------------
-----------------------------------------------------

”初夜台中“ 相關活動資訊以及報名請洽 企劃專員 彭子佳​

演出接洽/專場活動/場地租借/合作提案
歡迎與我們聯繫！！
因活動檔期有限，
請儘早與我們聯繫接洽～
聯絡方式：
🎸saikororu@gmail.com
🎸bookingstage@gmail.com
🎸aiden8448@gmail.com
🎸catgilar@gmail.com

或洽台中迴響粉絲專頁私訊

迴響音樂藝文展演空間：
https://www.facebook.com/SoundLiveHouse/

迴響instagram：soundlivehouse
https://www.instagram.com/soundlivehouse/",流行
2017/07/12 1:20:56 上午 GMT+8,厭世少年 Angry Youth 【尋花探柳】戀夏巡迴 台中場,厭世少年 Angry Youth ,2017-08-20,19:30,預售450元/ 雙人優惠套票700元 /現場650元,Legacy Taichung 音樂展演空間,台中市西屯區安和路117號,https://www.facebook.com/events/1053684648095470/?acontext=%7B%22ref%22%3A%2244%22%2C%22unit_ref%22%3A%22related_events%22%2C%22action_history%22%3A%22[%7B%5C%22surface%5C%22%3A%5C%22permalink%5C%22%2C%5C%22mechanism%5C%22%3A%5C%22RHC%5C%22%2C%5C%22extra_data%5C%22%3A[]%7D%2C%7B%5C%22surface%5C%22%3A%5C%22permalink%5C%22%2C%5C%22mechanism%5C%22%3A%5C%22RHC%5C%22%2C%5C%22extra_data%5C%22%3A[]%7D%2C%7B%5C%22surface%5C%22%3A%5C%22permalink%5C%22%2C%5C%22mechanism%5C%22%3A%5C%22RHC%5C%22%2C%5C%22extra_data%5C%22%3A[]%7D]%22%7D,https://scontent-tpe1-1.xx.fbcdn.net/v/t1.0-9/19106028_10155220589455155_4988030636103151016_n.jpg?oh=364081a99c43828eccd766e444691a93&oe=5A0F3E91,"厭世少年 Angry Youth【尋花探柳】戀夏巡迴
Angry Youth ‘Falling in Love’ Summer Tour


愛情是夏日的冰淇淋汽水
是城市 Jungle 的海市蜃樓
是濕濕黏黏的熱帶低氣壓
是校園內躲躲藏藏的你我


又到了不用去學校的日子，
但是這樣的話我就見不到妳了。


家鄉在南方，畢業在遠方，
而妳正在他方。 

尋花探柳，身體要顧，
朝歡暮樂，安全第一。


大夢初醒後才明白，
愛，是奢侈品啊。


---------------------------

厭世少年 Angry Youth 成軍首次專場巡迴，2017 年夏日開跑！

這是厭世少年首次自主企劃的專場，北中南共計五場。在專輯發行前，帶著我們的好朋友與各地的舊雨新知談一場暴風雨式的戀愛。
五個城市，五樣風情。
戀夏巡迴，彈琴說愛～


厭世少年 Angry Youth 
由一群念著音樂系神經病和一名有妨礙風化前科的男子所組成。 

擅長使用真實感十足的猖狂聲響佐以莫名其妙的幽默感，

交織而成的是台下的一臉錯愕。

目前正在籌備首張專輯，交織著這一年半的汗水和淚水，又酸又鹹，敬請期待。


主辦單位：若霖股份有限公司

演出場地：Legacy Taichung 音樂展演空間

演出地址：台中市西屯區安和路117號

演出日期：2017-08-20(日)

開放入場：19:00

演出開始：19:30

演出票價：預售450元/ 雙人優惠套票700元 /現場650元

注意事項：* 全區搖滾站席
* 預售一經完售即不開放現場票
* 身障票種： 225元（僅限iNDIEVOX傳真訂票）
身心障礙者票券預購優惠，請洽專人服務電話：02-27489758

開放售票：2017/6/9（五）中午12:00準時開賣；預售至演出前一日止

網路購票：https://www.indievox.com/legacytc/event-post/19677

實體購票：7-11 ibon（iNDIEVOX獨立音樂網）",搖滾
